filename,actual_label,final_prediction,final_confidence,correct,vreg,eireg_anger,eireg_fear,eireg_joy,eireg_sadness,affect_pred,affect_confidence,p_fake,web_verdict,web_confidence,web_explanation,web_query,p_fake_affect,p_fake_web,combined_p_fake
biz13.legit.txt,real,fake,0.5527,False,0.567,0.292,0.354,0.292,0.292,real,0.712,0.288,CONTRADICTED,0.8,"The article states that Ford will invest $1.2 billion in three Michigan plants, but the evidence shows that Ford has made multiple investments in Michigan, including a $3.5 billion investment for a new EV battery plant in Marshall, Michigan, creating 2,500 jobs.",Ford investment in Michigan plants details,0.288,0.7291,0.5527
biz14.legit.txt,real,fake,0.5582,False,0.667,0.292,0.292,0.292,0.25,real,0.7019,0.2981,CONTRADICTED,0.8,"The article states that Amazon bought Souq in 2019, but the evidence suggests that the acquisition was completed in 2017 and Souq was rebranded as Amazon in various countries over the years.",Amazon acquisition of Souq.com price and terms,0.2981,0.7315,0.5582
biz15.legit.txt,real,real,0.658,True,0.422,0.396,0.396,0.1,0.396,real,0.5409,0.4591,SUPPORTED,0.9,"The evidence supports the article's claim that Wells Fargo was involved in a fake accounts scandal, which led to the firing of four executives, a $185 million fine, and the termination of over 5,000 employees.",fake accounts scandal Wells Fargo employee firings and fines,0.4591,0.264,0.342
biz16.legit.txt,real,real,0.7555,True,0.567,0.292,0.396,0.292,0.292,real,0.7144,0.2856,SUPPORTED,0.9,"The evidence supports the article's claims about Neuralink's technology and goals, including the development of brain-machine interfaces and the use of robotic surgery for implantation.",Elon Musk Neuralink brain electrode technology,0.2856,0.2171,0.2445
biz17.legit.txt,real,real,0.667,True,0.483,0.396,0.521,0.2,0.396,real,0.5569,0.4431,SUPPORTED,0.9,"The evidence supports the article's claim that UK banks have prepared Brexit contingency plans, including relocating jobs and operations to EU hubs, to mitigate risks from a potential no-deal scenario.",UK banks Brexit contingency plans,0.4431,0.2596,0.333
biz18.legit.txt,real,fake,0.5566,False,0.638,0.292,0.354,0.3,0.25,real,0.7047,0.2953,CONTRADICTED,0.8,"The article states that the number of commercial aircraft ordered by airlines jumped to 43 last month from just four in February 2016, according to ADS, the industry trade association. However, the evidence from Flight Plan shows that in February 2017, Airbus had 40 net new orders compared to Boeing's 28, which contradicts the article's claim of a tenfold increase in aircraft orders.",commercial aircraft orders by airline February 2017 vs February 2016,0.2953,0.7309,0.5566
biz19.legit.txt,real,real,0.7171,True,0.567,0.333,0.396,0.32,0.292,real,0.6461,0.3539,SUPPORTED,0.9,"The evidence from the Office for National Statistics supports the article's claim that UK retail sales rose in February, with a 3.9% increase in value and 1.5% increase in volume compared to the previous year.",UK retail sales February 2018 statistics Office for National Statistics,0.3539,0.2356,0.2829
biz20.legit.txt,real,real,0.6535,True,0.467,0.396,0.458,0.188,0.333,real,0.5329,0.4671,SUPPORTED,0.9,"The evidence from multiple sources, including the IATA's official website, BBC News, and Aviation Week, confirms that the IATA has criticized the laptop cabin ban as ineffective and causing commercial distortions.",IATA effectiveness laptop cabin ban,0.4671,0.2661,0.3465
biz21.legit.txt,real,real,0.7464,True,0.569,0.292,0.292,0.292,0.25,real,0.6982,0.3018,SUPPORTED,0.9,"The evidence confirms that American Airlines and China Southern Airlines have a partnership, including codeshare agreements, reciprocal frequent flyer benefits, and lounge access, which was expanded in 2018.",American Airlines China Southern partnership details,0.3018,0.2215,0.2536
biz22.legit.txt,real,real,0.6622,True,0.467,0.396,0.42,0.18,0.396,real,0.5484,0.4516,SUPPORTED,0.9,The evidence supports the article's claim that the EU blocked the merger between the London Stock Exchange and Deutsche Börse in 2017 due to concerns over creating a monopoly.,EU approval of London Stock Exchange Deutsche Boerse merger,0.4516,0.2619,0.3378
biz23.legit.txt,real,real,0.7463,True,0.567,0.292,0.292,0.292,0.25,real,0.6981,0.3019,SUPPORTED,0.9,"Multiple sources confirm Tencent's 5% stake in Tesla, including CNBC, BBC, FT, TechCrunch, CBS News, and Yahoo Finance.",China Tencent investment in Tesla,0.3019,0.2215,0.2537
biz24.legit.txt,real,fake,0.6056,False,0.483,0.333,0.396,0.2,0.333,real,0.6484,0.3516,CONTRADICTED,0.9,"The news article states that the London Stock Exchange is continuing to 'work hard' on its planned merger with Deutsche Boerse, despite the European Commission's previous decision to block the merger in February 2017 due to antitrust concerns.",London Stock Exchange Deutsche Boerse merger European Commission approval,0.3516,0.7749,0.6056
biz25.legit.txt,real,real,0.6412,True,0.32,0.396,0.42,0.12,0.396,real,0.5389,0.4611,SUPPORTED,0.8,"The article is supported by multiple sources indicating that Germany and Denmark resolved their power cable trade dispute, enhancing electricity trade, and that Sweden halted a new cable to Denmark due to EU funding disagreements, impacting European electricity supply integration.",Germany Denmark power cable trade dispute impact on European electricity supply,0.4611,0.2907,0.3588
biz26.legit.txt,real,real,0.7149,True,0.567,0.333,0.333,0.32,0.292,real,0.6422,0.3578,SUPPORTED,0.9,"The evidence from various sources confirms that St. Louis experienced economic revitalization and cultural enrichment due to the influx of Bosnian refugees in the 1990s, which is consistent with the article's claim.",St Louis economic growth Bosnian refugee impact,0.3578,0.2366,0.2851
biz27.legit.txt,real,real,0.697,True,0.567,0.333,0.396,0.22,0.292,real,0.6416,0.3584,SUPPORTED,0.8,"The evidence supports the article's claim that Frankfurt is a cheaper option for housing bankers, with lower costs of living and renting compared to London and Paris.",cost of living and doing business in Frankfurt compared to London and Paris,0.3584,0.266,0.303
biz28.legit.txt,real,real,0.646,True,0.483,0.396,0.42,0.2,0.292,real,0.5196,0.4804,SUPPORTED,0.9,"The evidence confirms that Emmanuel Macron won the 2017 French presidential election against Marine Le Pen, focusing on economic reforms and social welfare preservation.",Emmanuel Macron Marine Le Pen campaign promises France election 2017,0.4804,0.2697,0.354
biz29.legit.txt,real,real,0.6993,True,0.683,0.333,0.333,0.292,0.292,real,0.6457,0.3543,SUPPORTED,0.8,"Multiple sources, including Citibank, ING, and World Gold Council, predict gold prices to rise in 2023, with forecasts ranging from $1,500 to $1,900 per ounce.",gold price forecast $1 400 to $1 500 2023,0.3543,0.265,0.3007
biz30.legit.txt,real,fake,0.5891,False,0.467,0.333,0.354,0.2,0.333,real,0.6451,0.3549,CONTRADICTED,0.8,"The article claims Russia can wait for a sustained recovery in oil prices before drilling again in Arctic waters, relying on less costly regions, but the evidence suggests that Russia's oil production costs are significantly lower than claimed, with estimates ranging from $10.30 to $15 per barrel.",Russia Arctic oil production costs $70 per barrel,0.3549,0.7452,0.5891
biz31.legit.txt,real,real,0.6623,True,0.45,0.396,0.42,0.2,0.396,real,0.5486,0.4514,SUPPORTED,0.9,"The evidence supports the article's claim that Sweden's high taxes can reduce economic growth and innovation, as well as the warning not to return to the high taxes of the 1970s and 1980s.",Sweden National Institute of Economic Research warning on high taxes,0.4514,0.2619,0.3377
